,Index,Date,CloseVni,OpenVni,CaoVni,Tháº¥pVni,VolumnVni,Change 
0,361,2023-01-03,"1,043.90","1,007.09","1,043.90","1,007.09",551.33K,3.66%
1,360,2023-01-04,"1,046.35","1,043.90","1,052.60","1,041.56",647.73K,0.23%
2,359,2023-01-05,"1,055.82","1,048.17","1,058.14","1,046.64",535.05K,0.91%
3,358,2023-01-06,"1,051.44","1,055.82","1,065.58","1,047.26",698.50K,-0.41%
4,357,2023-01-09,"1,054.21","1,058.28","1,062.12","1,050.95",475.20K,0.26%
5,356,2023-01-10,"1,053.35","1,054.21","1,057.44","1,045.75",546.26K,-0.08%
6,355,2023-01-11,"1,055.76","1,053.35","1,065.69","1,053.35",545.18K,0.23%
7,354,2023-01-12,"1,056.39","1,055.76","1,060.97","1,050.27",506.47K,0.06%
8,353,2023-01-13,"1,060.17","1,056.39","1,066.39","1,055.23",670.23K,0.36%
9,352,2023-01-16,"1,066.68","1,060.17","1,067.74","1,057.87",520.79K,0.61%
10,351,2023-01-17,"1,088.29","1,066.68","1,088.29","1,066.68",673.93K,2.03%
11,350,2023-01-18,"1,098.28","1,088.29","1,100.39","1,088.29",604.20K,0.92%
12,349,2023-01-19,"1,108.08","1,098.28","1,111.72","1,094.46",617.71K,0.89%
13,348,2023-01-27,"1,117.10","1,108.08","1,124.30","1,108.08",604.93K,0.81%
14,347,2023-01-30,"1,102.57","1,117.10","1,118.46","1,102.57",798.68K,-1.30%
15,346,2023-01-31,"1,111.18","1,102.57","1,111.18","1,088.25",748.42K,0.78%
16,345,2023-02-01,"1,075.97","1,111.18","1,116.96","1,075.97",1.03M,-3.17%
17,344,2023-02-02,"1,077.59","1,075.97","1,083.36","1,070.81",634.74K,0.15%
18,343,2023-02-03,"1,077.15","1,077.59","1,081.89","1,070.46",563.83K,-0.04%
19,342,2023-02-06,"1,089.29","1,077.15","1,089.29","1,067.24",527.01K,1.13%
20,341,2023-02-07,"1,065.84","1,089.29","1,092.12","1,065.18",673.21K,-2.15%
21,340,2023-02-08,"1,072.22","1,065.84","1,079.51","1,063.50",569.32K,0.60%
22,339,2023-02-09,"1,064.03","1,072.22","1,075.20","1,064.03",473.85K,-0.76%
23,338,2023-02-10,"1,055.30","1,064.03","1,066.28","1,054.08",463.94K,-0.82%
24,337,2023-02-13,"1,043.70","1,055.30","1,055.30","1,031.70",681.32K,-1.10%
25,336,2023-02-14,"1,038.64","1,043.70","1,046.64","1,032.76",395.73K,-0.48%
26,335,2023-02-15,"1,048.20","1,038.64","1,051.89","1,034.39",585.76K,0.92%
27,334,2023-02-16,"1,058.29","1,048.20","1,058.29","1,047.45",475.80K,0.96%
28,333,2023-02-17,"1,059.31","1,058.29","1,062.25","1,053.26",465.08K,0.10%
29,332,2023-02-20,"1,086.69","1,059.74","1,088.01","1,059.56",682.29K,2.58%
30,331,2023-02-21,"1,082.23","1,086.69","1,095.10","1,081.80",720.35K,-0.41%
31,330,2023-02-22,"1,054.28","1,082.23","1,082.23","1,054.28",814.01K,-2.58%
32,329,2023-02-23,"1,053.66","1,054.28","1,054.48","1,030.58",720.75K,-0.06%
33,328,2023-02-24,"1,039.56","1,053.66","1,053.66","1,034.66",430.41K,-1.34%
34,327,2023-02-27,"1,021.25","1,039.56","1,039.56","1,017.55",588.61K,-1.76%
35,326,2023-02-28,"1,024.68","1,021.25","1,034.36","1,018.72",432.96K,0.34%
36,325,2023-03-01,"1,040.55","1,024.68","1,040.55","1,013.37",523.62K,1.55%
37,324,2023-03-02,"1,037.61","1,039.00","1,043.80","1,033.07",373.16K,-0.28%
38,323,2023-03-03,"1,024.77","1,038.10","1,041.82","1,022.78",447.72K,-1.24%
39,322,2023-03-06,"1,027.18","1,024.77","1,042.43","1,024.77",421.90K,0.24%
40,321,2023-03-07,"1,037.84","1,027.18","1,043.92","1,027.18",473.17K,1.04%
41,320,2023-03-08,"1,049.18","1,037.84","1,049.18","1,027.80",510.28K,1.09%
42,319,2023-03-09,"1,055.95","1,049.18","1,060.56","1,049.18",609.04K,0.65%
43,318,2023-03-10,"1,053.00","1,055.95","1,055.95","1,046.31",508.59K,-0.28%
44,317,2023-03-13,"1,052.80","1,053.00","1,055.58","1,045.46",625.07K,-0.02%
45,316,2023-03-14,"1,040.13","1,052.80","1,052.80","1,034.72",621.19K,-1.20%
46,315,2023-03-15,"1,062.19","1,040.13","1,062.55","1,040.13",622.86K,2.12%
47,314,2023-03-16,"1,047.40","1,062.19","1,062.19","1,043.65",532.93K,-1.39%
48,313,2023-03-17,"1,045.14","1,047.40","1,055.42","1,043.54",564.93K,-0.22%
49,312,2023-03-20,"1,023.10","1,045.14","1,045.14","1,022.71",567.36K,-2.11%
50,311,2023-03-21,"1,032.43","1,023.10","1,036.15","1,017.05",474.89K,0.91%
51,310,2023-03-22,"1,040.54","1,032.43","1,042.84","1,032.43",458.78K,0.79%
52,309,2023-03-23,"1,045.10","1,040.54","1,045.10","1,030.93",431.45K,0.44%
53,308,2023-03-24,"1,046.79","1,045.10","1,052.29","1,044.02",579.74K,0.16%
54,307,2023-03-27,"1,052.25","1,047.78","1,053.78","1,041.99",556.95K,0.52%
55,306,2023-03-28,"1,054.29","1,052.25","1,059.83","1,051.75",648.10K,0.19%
56,305,2023-03-29,"1,056.33","1,054.29","1,056.33","1,048.26",460.96K,0.19%
57,304,2023-03-30,"1,059.44","1,056.33","1,066.23","1,056.33",633.98K,0.29%
58,303,2023-03-31,"1,064.64","1,059.44","1,067.55","1,059.44",639.93K,0.49%
59,302,2023-04-03,"1,079.28","1,064.64","1,079.28","1,064.64",821.31K,1.38%
60,301,2023-04-04,"1,078.45","1,079.28","1,082.21","1,075.10",803.89K,-0.08%
61,300,2023-04-05,"1,080.86","1,078.45","1,080.86","1,074.10",793.75K,0.22%
62,299,2023-04-06,"1,070.91","1,080.86","1,084.52","1,070.91",998.76K,-0.92%
63,298,2023-04-07,"1,069.71","1,070.91","1,072.94","1,063.70",646.00K,-0.11%
64,297,2023-04-10,"1,065.35","1,073.86","1,075.54","1,063.45",857.46K,-0.41%
65,296,2023-04-11,"1,069.46","1,065.35","1,070.56","1,056.90",697.78K,0.39%
66,295,2023-04-12,"1,069.45","1,071.61","1,072.70","1,066.43",726.16K,0.00%
67,294,2023-04-13,"1,064.30","1,069.45","1,070.96","1,062.26",673.04K,-0.48%
68,293,2023-04-14,"1,052.89","1,064.30","1,068.79","1,052.89",786.53K,-1.07%
69,292,2023-04-17,"1,053.81","1,052.89","1,054.72","1,049.11",453.79K,0.09%
70,291,2023-04-18,"1,055.02","1,053.81","1,057.15","1,050.89",539.76K,0.11%
71,290,2023-04-19,"1,048.98","1,055.02","1,058.14","1,047.47",569.68K,-0.57%
72,289,2023-04-20,"1,049.25","1,048.98","1,051.86","1,045.85",373.75K,0.03%
73,288,2023-04-21,"1,042.91","1,049.25","1,050.40","1,041.26",553.03K,-0.60%
74,287,2023-04-24,"1,041.36","1,042.91","1,047.18","1,038.36",556.99K,-0.15%
75,286,2023-04-25,"1,034.85","1,045.87","1,045.87","1,032.49",539.59K,-0.63%
76,285,2023-04-26,"1,040.80","1,034.85","1,040.80","1,029.19",576.78K,0.57%
77,284,2023-04-27,"1,039.63","1,040.80","1,044.25","1,037.62",511.73K,-0.11%
78,283,2023-04-28,"1,049.12","1,043.17","1,049.12","1,042.04",613.14K,0.91%
79,282,2023-05-04,"1,040.61","1,049.12","1,049.12","1,038.18",625.81K,-0.81%
80,281,2023-05-05,"1,040.31","1,040.61","1,043.22","1,036.69",547.78K,-0.03%
81,280,2023-05-08,"1,053.44","1,040.31","1,053.44","1,040.31",655.53K,1.26%
82,279,2023-05-09,"1,053.77","1,055.42","1,058.71","1,052.68",564.40K,0.03%
83,278,2023-05-10,"1,058.26","1,055.62","1,058.67","1,053.34",717.42K,0.43%
84,277,2023-05-11,"1,057.12","1,058.26","1,063.69","1,056.72",708.31K,-0.11%
85,276,2023-05-12,"1,066.90","1,057.12","1,066.90","1,053.97",725.83K,0.93%
86,275,2023-05-15,"1,065.71","1,066.90","1,076.32","1,065.71",834.50K,-0.11%
87,274,2023-05-16,"1,065.91","1,065.71","1,069.27","1,063.65",681.38K,0.02%
88,273,2023-05-17,"1,060.44","1,065.91","1,069.95","1,060.44",836.83K,-0.51%
89,272,2023-05-18,"1,068.31","1,060.44","1,073.41","1,060.44",649.54K,0.74%
90,271,2023-05-19,"1,067.07","1,068.31","1,070.15","1,058.56",755.49K,-0.12%
91,270,2023-05-22,"1,070.64","1,067.07","1,070.64","1,065.88",711.11K,0.33%
92,269,2023-05-23,"1,065.85","1,073.12","1,073.96","1,062.15",721.99K,-0.45%
93,268,2023-05-24,"1,061.79","1,065.85","1,069.61","1,060.60",794.10K,-0.38%
94,267,2023-05-25,"1,064.63","1,061.79","1,065.50","1,057.91",669.53K,0.27%
95,266,2023-05-26,"1,063.76","1,064.63","1,067.28","1,063.76",640.72K,-0.08%
96,265,2023-05-29,"1,074.98","1,063.76","1,077.18","1,063.76",844.88K,1.05%
97,264,2023-05-30,"1,078.05","1,074.98","1,079.31","1,071.01",922.94K,0.29%
98,263,2023-05-31,"1,075.17","1,078.05","1,079.11","1,071.38",924.36K,-0.27%
99,262,2023-06-01,"1,078.39","1,075.17","1,078.39","1,071.61",856.81K,0.30%
100,261,2023-06-02,"1,090.84","1,084.19","1,092.24","1,083.36",1.04M,1.15%
101,260,2023-06-05,"1,097.82","1,090.84","1,103.81","1,090.84",948.36K,0.64%
102,259,2023-06-06,"1,108.31","1,097.82","1,108.31","1,097.82",842.76K,0.96%
103,258,2023-06-07,"1,109.54","1,108.31","1,112.28","1,104.26",1.00M,0.11%
104,257,2023-06-08,"1,101.32","1,109.54","1,115.14","1,101.32",1.32M,-0.74%
105,256,2023-06-09,"1,107.53","1,101.32","1,107.53","1,097.23",902.21K,0.56%
106,255,2023-06-12,"1,116.02","1,110.26","1,116.02","1,100.08",797.98K,0.77%
107,254,2023-06-13,"1,122.46","1,116.02","1,122.46","1,116.02",943.54K,0.58%
108,253,2023-06-14,"1,117.42","1,122.46","1,129.49","1,117.42",928.60K,-0.45%
109,252,2023-06-15,"1,116.97","1,117.42","1,120.13","1,112.11",716.88K,-0.04%
110,251,2023-06-16,"1,115.22","1,116.97","1,128.92","1,112.51",1.17M,-0.16%
111,250,2023-06-19,"1,105.40","1,115.22","1,117.23","1,104.73",811.31K,-0.88%
112,249,2023-06-20,"1,111.72","1,105.40","1,111.72","1,102.58",695.59K,0.57%
113,248,2023-06-21,"1,118.46","1,112.73","1,118.46","1,110.65",875.89K,0.61%
114,247,2023-06-22,"1,125.30","1,118.46","1,127.54","1,118.46",919.32K,0.61%
115,246,2023-06-23,"1,129.38","1,125.30","1,130.61","1,122.62",906.63K,0.36%
116,245,2023-06-26,"1,132.03","1,129.38","1,134.00","1,119.95",1.04M,0.23%
117,244,2023-06-27,"1,134.33","1,132.03","1,136.49","1,128.82",722.00K,0.20%
118,243,2023-06-28,"1,138.35","1,134.33","1,140.56","1,131.86",892.14K,0.35%
119,242,2023-06-29,"1,125.39","1,139.42","1,140.43","1,125.39",906.89K,-1.14%
120,241,2023-06-30,"1,120.18","1,125.39","1,126.33","1,120.01",617.53K,-0.46%
121,240,2023-07-03,"1,125.50","1,120.18","1,128.35","1,120.18",558.38K,0.47%
122,239,2023-07-04,"1,132.00","1,125.50","1,132.12","1,123.49",701.31K,0.58%
123,238,2023-07-05,"1,134.62","1,132.00","1,138.67","1,132.00",807.03K,0.23%
124,237,2023-07-06,"1,126.22","1,134.62","1,135.81","1,122.35",921.11K,-0.74%
125,236,2023-07-07,"1,138.07","1,126.22","1,138.07","1,122.94",798.40K,1.05%
126,235,2023-07-10,"1,149.02","1,138.07","1,149.02","1,138.07",879.43K,0.96%
127,234,2023-07-11,"1,151.77","1,149.02","1,157.01","1,149.02",936.91K,0.24%
128,233,2023-07-12,"1,154.20","1,151.77","1,157.43","1,149.28",788.16K,0.21%
129,232,2023-07-13,"1,165.42","1,154.20","1,165.42","1,154.20",806.74K,0.97%
130,231,2023-07-14,"1,168.40","1,165.42","1,169.84","1,156.28",1.04M,0.26%
131,230,2023-07-17,"1,173.13","1,171.75","1,174.89","1,168.77",914.62K,0.40%
132,229,2023-07-18,"1,174.09","1,173.13","1,175.70","1,170.04",837.14K,0.08%
133,228,2023-07-19,"1,172.98","1,174.09","1,178.55","1,172.98",896.65K,-0.09%
134,227,2023-07-20,"1,172.81","1,172.98","1,174.39","1,166.62",796.61K,-0.01%
135,226,2023-07-21,"1,185.90","1,172.81","1,185.90","1,172.07",988.09K,1.12%
136,225,2023-07-24,"1,190.72","1,185.90","1,193.22","1,183.39",1.04M,0.41%
137,224,2023-07-25,"1,195.90","1,190.72","1,199.27","1,190.72",1.00M,0.44%
138,223,2023-07-26,"1,200.84","1,195.90","1,200.84","1,195.44",912.30K,0.41%
139,222,2023-07-27,"1,197.33","1,200.84","1,203.69","1,191.08",1.16M,-0.29%
140,221,2023-07-28,"1,207.67","1,197.33","1,207.67","1,195.86",1.11M,0.86%
141,220,2023-07-31,"1,222.90","1,207.67","1,224.81","1,207.67",1.20M,1.26%
142,219,2023-08-01,"1,217.56","1,222.90","1,234.50","1,217.56",1.28M,-0.44%
143,218,2023-08-02,"1,220.43","1,217.56","1,223.04","1,213.18",940.81K,0.24%
144,217,2023-08-03,"1,210.95","1,219.73","1,222.35","1,209.06",1.03M,-0.78%
145,216,2023-08-04,"1,225.98","1,210.95","1,228.12","1,210.95",1.13M,1.24%
146,215,2023-08-07,"1,241.42","1,233.10","1,241.42","1,230.38",1.30M,1.26%
147,214,2023-08-08,"1,242.23","1,241.42","1,246.22","1,239.01",1.19M,0.07%
148,213,2023-08-09,"1,233.99","1,242.23","1,242.23","1,231.28",1.09M,-0.66%
149,212,2023-08-10,"1,220.61","1,233.99","1,238.19","1,220.61",1.01M,-1.08%
150,211,2023-08-11,"1,232.21","1,220.61","1,232.21","1,213.37",1.01M,0.95%
151,210,2023-08-14,"1,236.84","1,232.21","1,239.61","1,229.04",1.11M,0.38%
152,209,2023-08-15,"1,234.05","1,236.84","1,239.42","1,230.58",912.03K,-0.23%
153,208,2023-08-16,"1,243.26","1,234.05","1,243.48","1,234.05",930.67K,0.75%
154,207,2023-08-17,"1,233.48","1,242.58","1,243.98","1,233.48",1.11M,-0.79%
155,206,2023-08-18,"1,177.99","1,233.48","1,233.48","1,177.74",1.70M,-4.50%
156,205,2023-08-21,"1,179.76","1,177.99","1,188.16","1,164.63",1.08M,0.15%
157,204,2023-08-22,"1,180.49","1,179.76","1,184.43","1,149.13",1.06M,0.06%
158,203,2023-08-23,"1,172.56","1,180.49","1,193.79","1,168.89",747.18K,-0.67%
159,202,2023-08-24,"1,189.39","1,172.56","1,189.99","1,171.33",851.54K,1.44%
160,201,2023-08-25,"1,183.37","1,189.39","1,192.59","1,181.60",893.34K,-0.51%
161,200,2023-08-28,"1,201.72","1,183.37","1,202.02","1,183.37",882.85K,1.55%
162,199,2023-08-29,"1,204.43","1,201.72","1,208.78","1,197.57",990.94K,0.23%
163,198,2023-08-30,"1,213.16","1,206.10","1,213.52","1,203.51",911.99K,0.72%
164,197,2023-08-31,"1,224.05","1,213.16","1,224.84","1,213.16",945.48K,0.90%
165,196,2023-09-05,"1,234.98","1,224.05","1,236.21","1,224.05",1.09M,0.89%
166,195,2023-09-06,"1,245.50","1,234.98","1,245.50","1,229.89",1.13M,0.85%
167,194,2023-09-07,"1,243.14","1,245.50","1,255.11","1,240.82",1.13M,-0.19%
168,193,2023-09-08,"1,241.48","1,243.14","1,248.10","1,240.15",1.10M,-0.13%
169,192,2023-09-11,"1,223.63","1,241.48","1,251.37","1,223.33",1.39M,-1.44%
170,191,2023-09-12,"1,245.44","1,223.63","1,245.44","1,220.85",967.87K,1.78%
171,190,2023-09-13,"1,238.39","1,245.44","1,250.61","1,232.84",1.26M,-0.57%
172,189,2023-09-14,"1,223.81","1,238.39","1,244.21","1,223.03",1.23M,-1.18%
173,188,2023-09-15,"1,227.36","1,223.81","1,233.87","1,220.27",917.36K,0.29%
174,187,2023-09-18,"1,211.81","1,227.36","1,227.36","1,203.88",845.00K,-1.27%
175,186,2023-09-19,"1,211.50","1,211.81","1,219.57","1,199.85",1.00M,-0.03%
176,185,2023-09-20,"1,226.11","1,211.50","1,226.11","1,209.46",878.03K,1.21%
177,184,2023-09-21,"1,212.74","1,226.11","1,227.88","1,211.65",963.68K,-1.09%
178,183,2023-09-22,"1,193.05","1,212.74","1,212.74","1,174.57",1.39M,-1.62%
179,182,2023-09-25,"1,153.20","1,193.05","1,195.62","1,153.20",1.09M,-3.34%
180,181,2023-09-26,"1,137.96","1,153.20","1,163.52","1,137.96",1.05M,-1.32%
181,180,2023-09-27,"1,153.85","1,137.96","1,153.85","1,126.36",860.42K,1.40%
182,179,2023-09-28,"1,152.43","1,153.85","1,155.39","1,136.99",691.11K,-0.12%
183,178,2023-09-29,"1,154.15","1,152.43","1,163.88","1,152.43",574.81K,0.15%
184,177,2023-10-02,"1,155.25","1,154.15","1,161.48","1,149.63",518.24K,0.10%
185,176,2023-10-03,"1,118.10","1,155.25","1,155.25","1,117.28",991.88K,-3.22%
186,175,2023-10-04,"1,128.67","1,118.10","1,133.79","1,106.40",682.49K,0.95%
187,174,2023-10-05,"1,113.89","1,128.67","1,133.12","1,113.89",609.01K,-1.31%
188,173,2023-10-06,"1,128.54","1,113.89","1,129.13","1,107.40",621.62K,1.32%
189,172,2023-10-09,"1,137.36","1,128.54","1,137.36","1,127.03",602.62K,0.78%
190,171,2023-10-10,"1,143.69","1,137.36","1,150.34","1,137.36",671.76K,0.56%
191,170,2023-10-11,"1,150.81","1,143.69","1,150.81","1,138.22",543.05K,0.62%
192,169,2023-10-12,"1,151.61","1,150.81","1,156.73","1,148.11",647.18K,0.07%
193,168,2023-10-13,"1,154.73","1,151.61","1,155.10","1,138.99",621.42K,0.27%
194,167,2023-10-16,"1,141.42","1,154.73","1,157.46","1,140.64",676.19K,-1.15%
195,166,2023-10-17,"1,121.65","1,145.34","1,147.89","1,121.65",610.50K,-1.73%
196,165,2023-10-18,"1,103.40","1,121.65","1,125.27","1,088.87",1.04M,-1.63%
197,164,2023-10-19,"1,087.85","1,103.40","1,104.03","1,087.85",649.23K,-1.41%
198,163,2023-10-20,"1,108.03","1,087.85","1,108.16","1,073.73",658.19K,1.86%
199,162,2023-10-23,"1,093.53","1,108.03","1,108.03","1,086.54",563.10K,-1.31%
200,161,2023-10-24,"1,105.90","1,093.53","1,107.30","1,088.17",509.04K,1.13%
201,160,2023-10-25,"1,101.66","1,105.90","1,111.39","1,100.64",539.26K,-0.38%
202,159,2023-10-26,"1,055.45","1,101.66","1,101.66","1,049.71",1.18M,-4.19%
203,158,2023-10-27,"1,060.62","1,055.45","1,061.87","1,037.46",692.23K,0.49%
204,157,2023-10-30,"1,042.40","1,054.03","1,060.39","1,042.40",533.36K,-1.72%
205,156,2023-10-31,"1,028.19","1,042.40","1,046.17","1,025.03",755.54K,-1.36%
206,155,2023-11-01,"1,039.66","1,028.19","1,039.66","1,020.01",679.89K,1.12%
207,154,2023-11-02,"1,075.47","1,039.66","1,075.47","1,039.66",772.12K,3.44%
208,153,2023-11-03,"1,076.78","1,075.47","1,082.23","1,071.11",756.48K,0.12%
209,152,2023-11-06,"1,089.66","1,076.78","1,089.66","1,076.78",692.79K,1.20%
210,151,2023-11-07,"1,080.29","1,089.66","1,089.89","1,079.42",634.51K,-0.86%
211,150,2023-11-08,"1,113.43","1,080.29","1,113.43","1,075.80",952.58K,3.07%
212,149,2023-11-09,"1,113.89","1,113.43","1,124.78","1,112.13",1.05M,0.04%
213,148,2023-11-10,"1,101.68","1,113.89","1,116.02","1,101.23",1.03M,-1.10%
214,147,2023-11-13,"1,100.07","1,103.66","1,107.91","1,093.19",789.44K,-0.15%
215,146,2023-11-14,"1,109.73","1,100.07","1,115.60","1,100.07",822.20K,0.88%
216,145,2023-11-15,"1,122.50","1,109.73","1,132.75","1,109.73",937.96K,1.15%
217,144,2023-11-16,"1,125.53","1,122.50","1,125.53","1,114.97",687.40K,0.27%
218,143,2023-11-17,"1,101.19","1,125.53","1,129.84","1,096.16",1.26M,-2.16%
219,142,2023-11-20,"1,103.66","1,101.19","1,111.26","1,085.32",841.47K,0.22%
220,141,2023-11-21,"1,110.46","1,103.66","1,112.77","1,103.66",712.61K,0.62%
221,140,2023-11-22,"1,113.82","1,110.46","1,115.47","1,103.26",946.28K,0.30%
222,139,2023-11-23,"1,088.49","1,113.82","1,118.54","1,088.49",1.03M,-2.27%
223,138,2023-11-24,"1,095.61","1,088.49","1,095.61","1,073.31",958.34K,0.65%
224,137,2023-11-27,"1,088.06","1,095.61","1,096.84","1,085.69",595.02K,-0.69%
225,136,2023-11-28,"1,095.43","1,088.06","1,095.43","1,076.45",681.89K,0.68%
226,135,2023-11-29,"1,102.80","1,095.43","1,105.28","1,095.43",614.96K,0.67%
227,134,2023-11-30,"1,094.13","1,101.75","1,107.45","1,094.13",723.48K,-0.79%
228,133,2023-12-01,"1,102.16","1,094.13","1,102.20","1,090.08",603.59K,0.73%
229,132,2023-12-04,"1,120.49","1,102.16","1,123.96","1,102.16",1.12M,1.66%
230,131,2023-12-05,"1,115.97","1,120.49","1,124.11","1,113.55",824.66K,-0.40%
231,130,2023-12-06,"1,126.43","1,115.97","1,126.43","1,115.97",853.96K,0.94%
232,129,2023-12-07,"1,121.49","1,126.43","1,129.83","1,109.51",1.33M,-0.44%
233,128,2023-12-08,"1,124.44","1,121.49","1,127.46","1,119.43",819.10K,0.26%
234,127,2023-12-11,"1,125.50","1,124.44","1,129.15","1,120.32",700.59K,0.09%
235,126,2023-12-12,"1,127.63","1,125.50","1,129.77","1,123.35",645.62K,0.19%
236,125,2023-12-13,"1,114.20","1,127.63","1,131.21","1,112.08",844.04K,-1.19%
237,124,2023-12-14,"1,110.13","1,114.20","1,120.36","1,107.86",681.02K,-0.37%
238,123,2023-12-15,"1,102.30","1,110.13","1,112.79","1,102.30",749.83K,-0.71%
239,122,2023-12-18,"1,091.88","1,102.30","1,103.74","1,091.45",713.16K,-0.95%
240,121,2023-12-19,"1,096.30","1,091.88","1,096.30","1,082.29",649.91K,0.40%
241,120,2023-12-20,"1,100.76","1,096.30","1,102.27","1,093.38",598.21K,0.41%
242,119,2023-12-21,"1,102.43","1,100.76","1,102.43","1,094.47",521.00K,0.15%
243,118,2023-12-22,"1,103.06","1,102.43","1,104.65","1,099.32",558.03K,0.06%
244,117,2023-12-25,"1,117.66","1,103.06","1,118.31","1,103.06",658.54K,1.32%
245,116,2023-12-26,"1,122.25","1,117.66","1,123.11","1,117.66",644.74K,0.41%
246,115,2023-12-27,"1,121.99","1,122.25","1,126.47","1,121.99",776.80K,-0.02%
247,114,2023-12-28,"1,128.93","1,121.99","1,130.58","1,120.50",716.93K,0.62%
248,113,2023-12-29,"1,129.93","1,128.93","1,135.05","1,128.93",710.85K,0.09%
249,112,2024-01-02,"1,131.72","1,129.93","1,139.71","1,128.69",842.26K,0.16%
250,111,2024-01-03,"1,144.17","1,131.72","1,144.17","1,128.32",719.93K,1.10%
251,110,2024-01-04,"1,150.72","1,145.49","1,160.08","1,144.32",1.18M,0.57%
252,109,2024-01-05,"1,154.68","1,150.72","1,155.84","1,149.08",803.27K,0.34%
253,108,2024-01-08,"1,160.19","1,154.68","1,162.56","1,154.68",905.41K,0.48%
254,107,2024-01-09,"1,158.59","1,160.19","1,162.83","1,155.46",870.51K,-0.14%
255,106,2024-01-10,"1,161.54","1,158.59","1,166.10","1,155.94",992.76K,0.25%
256,105,2024-01-11,"1,162.22","1,161.54","1,169.10","1,157.43",860.49K,0.06%
257,104,2024-01-12,"1,154.70","1,162.22","1,162.22","1,146.75",1.09M,-0.65%
258,103,2024-01-15,"1,154.12","1,154.70","1,163.75","1,154.12",617.15K,-0.05%
259,102,2024-01-16,"1,163.12","1,154.12","1,163.12","1,147.71",611.40K,0.78%
260,101,2024-01-17,"1,162.53","1,161.95","1,168.46","1,160.45",769.80K,-0.05%
261,100,2024-01-18,"1,169.06","1,162.53","1,169.73","1,162.53",596.22K,0.56%
262,99,2024-01-19,"1,181.50","1,171.50","1,181.50","1,171.47",662.89K,1.06%
263,98,2024-01-22,"1,182.86","1,181.50","1,186.96","1,175.54",889.76K,0.12%
264,97,2024-01-23,"1,177.50","1,182.86","1,184.74","1,173.78",683.71K,-0.45%
265,96,2024-01-24,"1,172.97","1,177.50","1,180.30","1,172.00",733.19K,-0.38%
266,95,2024-01-25,"1,170.37","1,172.97","1,173.83","1,168.50",540.54K,-0.22%
267,94,2024-01-26,"1,175.67","1,170.37","1,176.76","1,170.37",575.22K,0.45%
268,93,2024-01-29,"1,175.69","1,175.67","1,180.46","1,174.88",666.53K,0.00%
269,92,2024-01-30,"1,179.65","1,175.69","1,179.92","1,174.13",620.15K,0.34%
270,91,2024-01-31,"1,164.31","1,179.65","1,182.53","1,163.13",1.12M,-1.30%
271,90,2024-02-01,"1,173.02","1,164.31","1,174.50","1,162.45",670.25K,0.75%
272,89,2024-02-02,"1,172.55","1,173.02","1,178.27","1,169.70",914.67K,-0.04%
273,88,2024-02-05,"1,186.06","1,172.55","1,188.45","1,172.55",874.80K,1.15%
274,87,2024-02-06,"1,188.48","1,186.06","1,190.92","1,185.68",619.77K,0.20%
275,86,2024-02-07,"1,198.53","1,188.48","1,199.52","1,188.48",685.66K,0.85%
276,85,2024-02-15,"1,202.50","1,203.08","1,207.56","1,198.81",868.72K,0.33%
277,84,2024-02-16,"1,209.70","1,202.50","1,210.25","1,202.50",822.64K,0.60%
278,83,2024-02-19,"1,224.97","1,209.70","1,225.48","1,209.70",1.05M,1.26%
279,82,2024-02-20,"1,230.06","1,224.97","1,230.47","1,222.66",939.95K,0.42%
280,81,2024-02-21,"1,230.04","1,230.06","1,234.22","1,222.92",988.85K,0.00%
281,80,2024-02-22,"1,227.31","1,230.04","1,232.09","1,226.15",840.41K,-0.22%
282,79,2024-02-23,"1,212.00","1,227.31","1,240.81","1,211.55",1.39M,-1.25%
283,78,2024-02-26,"1,224.17","1,212.00","1,225.21","1,210.52",889.75K,1.00%
284,77,2024-02-27,"1,237.46","1,224.17","1,237.60","1,224.17",986.85K,1.09%
285,76,2024-02-28,"1,254.55","1,237.46","1,254.55","1,236.32",970.76K,1.38%
286,75,2024-02-29,"1,252.73","1,254.55","1,264.39","1,247.70",1.09M,-0.15%
287,74,2024-03-01,"1,258.28","1,256.72","1,258.76","1,247.87",961.93K,0.44%
288,73,2024-03-04,"1,261.41","1,258.28","1,268.25","1,256.54",1.18M,0.25%
289,72,2024-03-05,"1,269.98","1,261.41","1,269.98","1,257.81",1.01M,0.68%
290,71,2024-03-06,"1,262.73","1,269.98","1,277.51","1,256.30",1.06M,-0.57%
291,70,2024-03-07,"1,268.46","1,262.73","1,269.88","1,260.24",1.02M,0.45%
292,69,2024-03-08,"1,247.35","1,268.46","1,274.30","1,247.35",1.35M,-1.66%
293,68,2024-03-11,"1,235.49","1,247.35","1,254.01","1,233.49",975.99K,-0.95%
294,67,2024-03-12,"1,245.00","1,235.49","1,248.33","1,233.14",836.22K,0.77%
295,66,2024-03-13,"1,270.51","1,245.00","1,270.51","1,245.00",982.23K,2.05%
296,65,2024-03-14,"1,264.26","1,270.51","1,276.41","1,258.67",1.06M,-0.49%
297,64,2024-03-15,"1,263.78","1,264.26","1,271.63","1,252.36",1.07M,-0.04%
298,63,2024-03-18,"1,243.56","1,263.78","1,269.90","1,221.67",1.71M,-1.60%
299,62,2024-03-19,"1,242.46","1,246.54","1,249.75","1,238.92",914.65K,-0.09%
300,61,2024-03-20,"1,260.08","1,242.46","1,261.55","1,235.46",915.57K,1.42%
301,60,2024-03-21,"1,276.42","1,260.08","1,276.42","1,260.08",1.25M,1.30%
302,59,2024-03-22,"1,281.80","1,276.42","1,291.27","1,276.38",1.38M,0.42%
303,58,2024-03-25,"1,267.86","1,281.80","1,286.84","1,264.51",1.24M,-1.09%
304,57,2024-03-26,"1,282.21","1,267.86","1,282.50","1,264.42",941.70K,1.13%
305,56,2024-03-27,"1,283.09","1,282.21","1,286.72","1,276.95",919.28K,0.07%
306,55,2024-03-28,"1,290.18","1,283.09","1,293.90","1,283.09",1.01M,0.55%
307,54,2024-03-29,"1,284.09","1,290.18","1,293.04","1,282.44",922.55K,-0.47%
308,53,2024-04-01,"1,281.52","1,284.09","1,286.80","1,274.09",971.21K,-0.20%
309,52,2024-04-02,"1,287.04","1,281.52","1,287.04","1,268.48",1.09M,0.43%
310,51,2024-04-03,"1,271.47","1,287.04","1,288.99","1,271.47",1.08M,-1.21%
311,50,2024-04-04,"1,268.25","1,271.47","1,277.62","1,265.12",980.91K,-0.25%
312,49,2024-04-05,"1,255.11","1,268.25","1,268.25","1,253.56",1.08M,-1.04%
313,48,2024-04-08,"1,250.35","1,255.11","1,258.40","1,246.87",876.04K,-0.38%
314,47,2024-04-09,"1,262.82","1,252.40","1,262.82","1,247.70",717.43K,1.00%
315,46,2024-04-10,"1,258.56","1,262.82","1,268.72","1,258.56",702.28K,-0.34%
316,45,2024-04-11,"1,258.20","1,258.56","1,262.03","1,248.11",686.82K,-0.03%
317,44,2024-04-12,"1,276.60","1,258.20","1,278.39","1,258.20",944.45K,1.46%
318,43,2024-04-15,"1,216.61","1,276.60","1,281.81","1,216.61",1.46M,-4.70%
319,42,2024-04-16,"1,215.68","1,216.61","1,222.45","1,191.73",1.36M,-0.08%
320,41,2024-04-17,"1,193.01","1,215.68","1,221.47","1,193.01",859.25K,-1.86%
321,40,2024-04-19,"1,174.85","1,193.01","1,193.01","1,165.99",1.07M,-1.52%
322,39,2024-04-22,"1,190.22","1,174.85","1,193.88","1,174.85",708.58K,1.31%
323,38,2024-04-23,"1,177.40","1,190.22","1,192.80","1,169.61",778.31K,-1.08%
324,37,2024-04-24,"1,205.61","1,177.40","1,207.61","1,177.40",820.08K,2.40%
325,36,2024-04-25,"1,204.97","1,205.61","1,208.41","1,200.21",569.65K,-0.05%
326,35,2024-04-26,"1,209.52","1,204.97","1,216.60","1,198.73",620.88K,0.38%
327,34,2024-05-02,"1,216.36","1,212.13","1,216.36","1,206.28",570.36K,0.57%
328,33,2024-05-03,"1,221.03","1,216.36","1,225.75","1,216.36",643.43K,0.38%
329,32,2024-05-06,"1,241.58","1,221.03","1,241.58","1,221.03",864.63K,1.68%
330,31,2024-05-07,"1,248.63","1,241.58","1,250.63","1,240.09",707.90K,0.57%
331,30,2024-05-08,"1,250.46","1,248.63","1,251.62","1,234.76",981.80K,0.15%
332,29,2024-05-09,"1,248.64","1,250.46","1,256.80","1,243.29",771.55K,-0.15%
333,28,2024-05-10,"1,244.70","1,248.64","1,252.50","1,237.46",669.11K,-0.32%
334,27,2024-05-13,"1,240.18","1,244.70","1,249.20","1,233.56",741.58K,-0.36%
335,26,2024-05-14,"1,243.28","1,240.18","1,252.52","1,240.18",640.49K,0.25%
336,25,2024-05-15,"1,254.39","1,243.28","1,257.92","1,243.28",880.17K,0.89%
337,24,2024-05-16,"1,268.78","1,254.39","1,271.66","1,254.39",885.06K,1.15%
338,23,2024-05-17,"1,273.11","1,268.78","1,274.27","1,266.32",937.04K,0.34%
339,22,2024-05-20,"1,277.58","1,273.11","1,285.19","1,273.11",1.16M,0.35%
340,21,2024-05-21,"1,277.14","1,277.58","1,281.29","1,267.29",972.16K,-0.03%
341,20,2024-05-22,"1,266.91","1,277.14","1,283.06","1,263.87",1.14M,-0.80%
342,19,2024-05-23,"1,281.03","1,266.91","1,281.03","1,262.29",968.13K,1.11%
343,18,2024-05-24,"1,261.93","1,281.03","1,285.07","1,250.28",1.37M,-1.49%
344,17,2024-05-27,"1,267.68","1,263.46","1,267.68","1,257.27",726.70K,0.46%
345,16,2024-05-28,"1,281.73","1,267.68","1,281.73","1,267.68",868.58K,1.11%
346,15,2024-05-29,"1,272.64","1,281.73","1,285.63","1,271.60",1.07M,-0.71%
347,14,2024-05-30,"1,266.32","1,272.64","1,272.64","1,251.80",1.05M,-0.50%
348,13,2024-05-31,"1,261.72","1,266.32","1,271.07","1,261.43",771.15K,-0.36%
349,12,2024-06-03,"1,280.00","1,261.72","1,284.48","1,261.72",1.05M,1.45%
350,11,2024-06-04,"1,283.52","1,280.00","1,289.31","1,280.00",935.85K,0.28%
351,10,2024-06-05,"1,284.35","1,283.52","1,293.93","1,283.52",925.06K,0.06%
352,9,2024-06-06,"1,283.56","1,288.79","1,292.02","1,278.40",893.07K,-0.06%
353,8,2024-06-07,"1,287.58","1,283.56","1,293.03","1,283.13",698.28K,0.31%
354,7,2024-06-10,"1,290.67","1,287.58","1,297.39","1,287.44",858.65K,0.24%
355,6,2024-06-11,"1,284.41","1,290.67","1,296.41","1,279.47",993.34K,-0.49%
356,5,2024-06-12,"1,300.19","1,284.41","1,301.35","1,281.71",895.26K,1.23%
357,4,2024-06-13,"1,301.51","1,305.69","1,306.01","1,297.60",891.33K,0.10%
358,3,2024-06-14,"1,279.91","1,301.51","1,305.02","1,279.91",1.11M,-1.66%
359,2,2024-06-17,"1,274.77","1,279.91","1,283.10","1,272.54",900.56K,-0.40%
360,1,2024-06-18,"1,279.50","1,274.77","1,286.52","1,274.77",805.29K,0.37%
