Hours Worked,Experience,Education Level,Age,Department,Productivity
42.483570765056164,23,2,23,1,70.7240667383041
39.308678494144075,12,2,50,5,52.84157025483999
43.23844269050346,17,4,31,5,61.23561294687847
47.61514928204013,8,2,23,2,51.62391405732048
38.82923312638332,11,4,32,4,38.65386180622938
38.8293152152541,29,1,34,1,53.568963938227455
47.896064077536955,3,4,31,5,52.97634700389002
43.837173645764544,27,4,35,6,66.60462534312823
37.65262807032524,6,3,39,5,48.558388811090175
42.712800217929825,9,2,30,4,54.4236032127422
37.68291153593769,6,1,49,6,47.1960352344276
37.671351232148716,9,4,24,2,63.16261471383278
41.20981135783017,7,1,41,1,63.5896525564
30.43359877671101,9,3,27,2,41.28250610480263
31.375410837434835,18,2,48,2,55.3179936348448
37.188562353795135,12,4,23,1,46.967679939265594
34.93584439832788,8,2,50,1,22.20099147781012
41.57123666297637,8,3,59,5,60.07616679223662
35.45987962239394,18,3,24,5,55.8160232349061
32.93848149332354,28,1,37,1,41.51186391292127
47.32824384460777,20,4,51,6,76.72235453655378
38.87111849756732,15,1,23,3,50.36535171811923
40.337641023439616,27,3,38,5,69.21697822978624
32.87625906893272,7,2,33,3,42.27227259523186
37.27808637737409,11,1,56,6,68.58763111964258
40.554612948549334,20,1,22,1,59.7169011543902
34.24503211288849,16,2,36,6,62.46919669960856
41.87849009172836,4,1,47,5,65.4257515134778
36.99680655040598,6,2,58,2,42.00124928952187
38.54153125103362,26,4,42,1,56.851362550822145
36.991466938853016,22,2,52,4,66.30757376611557
49.26139092254469,26,4,46,3,72.30601808496296
39.93251387631033,3,2,44,6,49.54644618374737
34.7114453552205,9,3,45,1,63.277093576926596
44.11272456051594,28,3,59,6,71.40906077859523
33.89578175014489,10,4,49,1,41.706488267659076
41.04431797502378,14,4,42,5,51.60631795866783
30.201649380601122,11,3,39,5,68.12521439252814
33.359069755507846,18,4,57,5,55.87687495165547
40.984306179345616,22,2,56,6,53.141828627166504
43.69233289997705,12,2,30,4,40.3977469468111
40.85684140594985,23,3,59,5,61.910474979208715
39.4217585880588,12,1,51,1,55.35653739378496
38.494481522053555,13,2,55,5,68.08621858633028
32.60739004816286,25,4,53,2,68.53084171278054
36.40077895802646,13,1,24,5,49.8373147472981
37.696806145201066,19,1,24,6,50.355120283605174
45.285611131094576,26,2,49,4,75.28162966531147
41.718091447842305,19,2,36,2,43.83063068647843
31.18479922318633,23,1,44,6,74.59560816247851
41.620419846973974,14,1,32,6,63.96147580554008
38.07458859791842,4,3,53,6,61.54449079520115
36.61538999847021,13,4,57,1,46.7738561797041
43.058381444204336,8,3,54,6,73.2848678571703
45.154997612479754,29,2,45,1,67.8548260022168
44.65640059558099,23,3,55,6,61.730819367395355
35.80391238388681,21,3,49,3,59.31218867782462
38.45393812074393,23,3,58,2,64.6283872608602
41.65631715701782,19,3,28,3,49.37094643189785
44.877725635611796,12,4,25,6,50.328352100198146
37.60412881077355,18,4,58,2,52.07181105749305
39.07170511668092,6,1,22,2,38.03455443811267
34.468325129969855,18,2,22,4,46.98734605897384
34.01896687959665,19,3,41,3,41.22911551787207
44.06262911197099,22,1,40,4,59.14888413783165
46.78120014285412,5,1,50,2,70.83254562669681
39.63994939209833,24,1,31,1,68.97304391314017
45.01766448946012,9,4,39,2,49.518872080532574
41.808180125238174,27,3,49,4,78.99022929818051
36.774401226974376,3,3,56,3,31.610008535613886
41.80697802754207,28,2,52,6,94.6984212476636
47.690182832329846,10,3,48,6,78.09331475368577
39.82086980445024,19,3,32,3,53.523550683049166
47.82321827907003,3,1,59,6,66.24748389642113
26.901274479551276,29,2,26,6,36.892081198459984
44.10951252187612,29,3,29,4,69.51394042113427
40.435235341190854,22,4,55,3,64.69860501616617
38.50496324767066,15,3,33,5,47.45732935374671
40.458803882677515,1,1,59,1,48.673229019418926
30.062155426995538,7,4,22,1,34.69228066890127
38.90164056081244,12,1,52,6,46.18427336763609
41.78556285755873,17,3,25,1,49.70409039859211
47.38947022370758,21,4,26,3,52.671025963710456
37.40864890863176,26,2,51,3,72.88195656423792
35.95753198553406,29,2,45,2,54.036404520971374
37.491214782077314,24,4,24,2,46.271006066375776
44.57701058851037,20,4,32,1,73.09205738667033
41.64375554829842,5,1,25,5,54.23995909169172
37.351198981164806,4,4,47,2,58.9962095406544
42.56633716556678,28,1,48,2,78.72716940753332
40.4853877467402,12,3,48,3,78.15993671612445
44.84322495266444,20,1,27,5,61.5828272857326
36.48973453061324,28,4,36,6,48.11365774065818
38.36168926701116,24,4,51,1,67.37206727463241
38.03945923433921,18,3,58,2,55.14941300554104
32.68242525933941,17,4,58,5,47.007372426184006
41.48060138532288,19,4,58,5,67.57985310749528
41.30527636089945,9,2,56,1,67.46280369099534
40.025567283212304,4,2,44,5,44.165618867249464
38.82706433312426,26,3,27,5,74.27094520644145
32.923146289747926,21,1,25,5,41.52700669971976
37.89677338617321,2,2,39,2,45.457741172918574
38.286427417366156,4,1,30,1,51.04950623517483
35.9886136538919,2,4,50,5,45.409621567051325
39.19357144166995,15,2,34,5,38.53354805228459
42.02025428407269,2,3,38,2,61.49432920196075
49.43092950605265,4,3,53,1,57.496286102492384
40.872889064159196,6,3,43,3,62.021873558096125
41.28775195361382,7,2,25,2,38.8463106033372
39.62777042116917,10,1,26,1,40.39340460020505
30.406143923504793,19,4,58,5,64.13047801905836
39.867430622753915,19,1,34,1,61.97251155017415
40.30115104970513,26,1,55,1,63.01529394285837
52.316210562426434,22,4,43,6,79.8665265441348
39.03819517609439,29,4,44,1,57.3978038206508
41.50773671166806,12,2,24,3,55.710327886557145
39.82644115147378,3,2,55,1,54.811980385374426
34.15660981190234,13,2,53,3,49.91879375999205
45.7141140725751,18,2,42,5,57.861257016667516
43.75966516343387,8,2,42,3,58.7621509455818
43.95515973521523,21,4,32,5,64.50534830220626
35.4530627260263,15,1,25,5,45.69484193683021
47.013971554680495,1,2,22,3,42.77582685287299
32.990744686038596,3,2,49,2,45.715515179393265
42.93428546900135,26,1,45,4,63.7010618206353
50.952278129049894,8,2,56,1,57.505701924680544
35.04731837434656,4,1,34,6,45.68261648192767
37.16851135198614,16,1,55,4,74.65156607253999
40.498256825438204,23,4,32,1,58.729980166367426
37.482621729419,10,3,57,1,71.16038714183924
32.24668284466934,12,4,38,5,70.28999999197029
40.34281487403014,14,3,56,1,51.7086258502534
34.688481431369475,14,3,39,6,52.77892351335912
42.36796215317591,2,3,43,1,74.505281331339
35.402878828830985,23,2,45,3,58.09207921474054
47.7496720250877,5,4,40,4,61.117793482741696
36.08373353831882,5,3,58,3,35.4836787945699
38.38969241897162,6,1,42,6,46.07307341577494
44.06758608684835,13,2,29,1,64.12347293353771
33.84567841783022,9,4,49,6,75.53850484734272
41.13729967302065,22,3,26,5,59.27723133830375
46.53571377141214,28,1,38,3,55.00945054889859
31.96258382719386,29,4,58,3,48.810091919460774
40.92316929266152,15,4,57,2,62.765272433278554
41.29941397124212,14,2,40,1,70.37148195176461
43.909114358886555,24,4,48,5,76.38265118764052
33.81524644560959,7,2,55,3,54.717805080710846
33.39771693457862,25,3,32,3,69.38916080375458
42.60970782808449,20,2,33,5,55.307416952894975
41.48492336616593,2,1,42,6,52.275870565741585
41.252464251729386,7,2,32,6,48.04864304970543
41.73224104748488,6,1,49,1,52.91768369296414
36.59987639210755,17,2,26,2,42.9371828488527
41.16126848580502,27,4,38,3,63.421507771467056
41.46536236649341,25,3,41,2,65.78820670403942
36.42824290986816,25,1,33,6,55.313527911252656
49.328872555723784,28,2,27,6,71.31825752558576
42.36916460455894,2,2,38,4,56.4195700389308
34.04348251398676,3,2,40,1,57.130440204630744
43.28276804316915,5,4,47,4,70.79432672429513
35.126591648863396,5,4,53,4,58.34080932283332
43.93542301871226,1,1,27,4,38.1356082343291
45.79297789503702,8,1,57,1,58.88887803933848
35.89658840824145,12,4,59,1,53.85373810111544
44.816880646221605,24,1,32,5,59.94538233833596
42.063904634682494,4,3,54,2,60.087416424978564
44.11030079997245,13,3,45,2,46.367015867157875
49.48396491326974,23,4,44,5,91.11962960855266
38.77305941998565,15,1,36,5,67.8252661352028
36.23131917821255,11,2,48,6,58.61334179723013
35.55242785187238,10,3,32,4,48.931334552670535
35.92094857517281,3,4,38,5,59.70934152589834
39.61449145292948,22,1,35,3,67.40854082073214
41.70575987408322,14,4,48,2,72.57213771626415
41.3834539966501,16,2,39,5,59.49293317405169
44.13591624518012,10,3,49,3,79.3290471038218
40.065009459389536,29,4,25,3,76.03388821628809
47.26767038578659,10,4,28,3,65.8630333401459
38.67671583381022,12,4,56,6,71.83644503812178
53.600845832948096,9,2,30,6,62.20922641460836
43.128336738825034,1,4,29,3,39.75333314535477
35.714212217918586,5,2,38,6,50.92971734839334
34.645537509694435,20,2,38,4,54.87463305155974
42.41236207621593,8,2,54,3,57.13518865343963
38.88268607337075,11,3,53,4,69.84580646686479
43.57000247046046,12,3,29,4,59.84139460256676
42.366188122867726,1,4,40,3,55.50187885822257
39.63585543671564,25,4,59,2,64.96532984917468
35.76603140965798,22,3,24,3,64.07726280245323
32.42576387657068,20,1,26,3,57.34452168964987
37.767425239664895,28,3,34,6,71.90402200860784
44.28199397161736,25,2,52,3,65.80935430525557
41.07046872065102,11,3,37,2,69.51135332112098
33.77130610644006,5,2,53,6,67.15899034410378
40.86590462925591,15,4,43,1,68.58628860250298
41.92658689864418,5,1,50,1,47.333704026201275
35.580712818994336,12,4,43,4,45.35868997663232
40.768625529727636,5,2,24,4,46.014855973796756
40.29104359223,17,2,31,2,52.0472714520448
34.28514851084688,17,2,42,5,53.47422225397423
41.788936801741414,24,1,37,1,70.41336146541988
42.803922631841175,12,3,33,4,61.10344703933966
45.41525621587638,24,4,23,1,68.13814677973926
45.26901026017451,28,4,45,2,70.45698276217306
33.111653160214544,15,3,56,2,53.97319388856906
35.310874800424386,15,4,51,5,64.5766298757144
42.5751763360433,6,1,51,5,37.15559606104515
42.56892975456105,12,4,56,6,63.055025669773734
42.57523843153024,27,2,40,2,70.6551143808035
59.26365745327361,29,3,29,4,91.89948813874653
42.85445255346583,20,1,47,1,54.65399316062758
45.677828200902994,18,3,28,3,52.9487313763718
44.770008817466014,14,1,51,5,70.10955876624736
43.25695625652899,2,2,28,3,32.11243385395983
38.423653776798275,9,3,24,4,63.545544884406134
43.79484610246634,5,4,22,5,55.56076601739444
36.13587392731214,20,1,57,3,75.8230860557465
38.815906966299956,26,3,46,4,54.345183200604836
37.57318226085448,29,4,58,1,63.90958757367206
40.40937069693161,1,3,22,4,22.930687427662754
51.573292833367546,23,3,36,6,66.41639520341478
30.66367403704126,3,3,58,5,43.92520522982247
43.431300951872565,6,1,34,2,34.8042251517882
31.936420644051744,5,4,29,1,38.49015252206775
37.64034067105283,21,2,26,3,36.66693890245039
45.44475298483683,27,1,30,5,65.97015113572257
40.321400095477316,5,1,22,2,59.79251936655968
34.61127611035347,1,1,57,4,47.061478609212244
36.42348145370016,17,2,56,2,75.4055551798182
43.39798874467338,19,4,23,5,69.36091437861947
36.34816684141432,14,4,44,5,69.12964532748404
41.08229294790988,12,4,30,6,48.83284053912705
40.22785919951907,10,3,55,6,51.13644291559305
36.74199826197091,20,3,35,2,60.5981324258246
50.719720446626624,21,3,25,4,54.14269953029804
43.169595111590056,18,2,51,2,69.88103260921096
29.874287066711965,24,3,52,5,53.13508890124267
40.93227157384714,27,2,59,5,83.5322399493137
36.69106767615806,11,4,32,3,58.386190216952166
44.26216667398112,2,3,56,6,69.4292309773824
36.037396307836495,25,3,29,3,50.79533549388603
39.42631779266551,18,1,24,1,66.00842048028278
42.524936394902284,29,2,35,5,82.6720613385451
44.32877597085061,25,4,34,3,67.64163773704719
33.99851796472112,7,1,53,2,42.00501177105624
38.327493820795254,24,1,55,6,57.50962180845115
37.625273444195216,15,4,40,6,69.21540336435487
36.73335383713144,11,1,59,4,82.77681126136456
48.82727120140548,18,2,37,2,58.210820499653266
42.024908554804774,23,2,23,4,51.03970805437917
33.69558022832477,12,3,38,3,59.20972203506956
44.58930973527388,6,1,55,1,52.15017444160743
50.610780985063165,20,3,37,2,81.59433482734588
45.16232630275574,23,1,59,2,76.0157880380222
32.403150170229935,13,2,23,2,45.56337714525029
37.57882963566874,20,2,23,4,59.79154498088562
46.334555745933116,16,2,47,3,70.23653943746704
36.461652671906094,18,1,34,2,52.86558769404434
42.219097140731144,10,2,52,2,42.0554868243462
43.87317026714668,28,1,55,6,74.45967755303703
35.36534764210958,23,3,24,1,70.99595130275122
39.702373219691,8,1,29,6,35.214686587645765
23.793663299654636,18,3,44,6,35.535813098265194
34.87806179332855,21,1,35,1,59.246331540988656
38.7371592430342,1,3,48,3,50.82307787035701
33.76108409017575,23,2,50,6,63.072905686018636
48.16205651965818,8,3,22,3,51.86887444138156
32.84929311019684,29,2,38,6,70.8738759761199
37.79977756651508,6,2,51,5,53.368783223417196
40.65370288643046,5,3,34,1,58.72355810986104
47.20636644533058,15,1,42,6,68.80914055504154
32.8206892441028,22,1,40,5,56.67563892371272
45.815818760774796,15,4,40,4,71.08415533105611
40.05116530509793,2,1,46,5,53.21604484476744
35.09245674476024,1,4,43,2,34.19046646380513
42.31051737131635,23,1,52,6,78.38408562847599
40.99529847786735,23,1,38,5,71.47657134034918
36.99891561420603,26,2,44,3,41.43041170062793
40.349010424950094,11,4,53,4,53.007007576193324
38.073432015691196,10,1,31,6,61.69703664061927
40.56758672625624,18,4,31,2,41.0983012614779
43.31065337260523,18,2,57,5,76.24632219161268
47.93008408072676,17,2,29,4,63.717858724184254
33.810922505865754,26,4,41,6,73.21374820920568
50.665166873281336,8,2,53,4,67.25369898252671
30.23956100238749,15,3,35,2,40.41888107243122
39.24107452482208,8,3,49,5,58.621931132413486
42.94158603242288,17,2,45,4,63.037731137323014
41.40495933867516,12,3,36,4,49.29644799726836
36.88650240089703,27,1,43,1,84.3699372310109
38.95938874821363,8,4,51,4,46.24840693237048
37.53499532670584,25,1,25,1,35.6054415761079
37.053176215278945,14,4,34,5,70.17016589649387
44.24801048510513,4,2,44,6,51.01237576194586
41.785077429825236,1,1,29,6,46.21734482016828
36.53545202369673,1,2,39,5,42.65639137740638
44.49799937716625,19,2,33,5,58.10148503558299
41.536497604383044,16,4,52,3,55.77457289174858
44.0643105941948,14,4,35,5,51.59613756922516
43.14814420961806,21,4,55,4,69.39574182666372
35.85502494538964,16,1,39,6,50.235149368633294
37.19909479901515,5,3,55,2,59.902716702354624
43.73646802561631,9,4,32,6,62.563408541777854
43.05185132716733,26,4,33,1,57.67672939191328
39.89549203017926,28,1,36,6,65.98070479090282
40.58663691654391,2,4,52,3,49.90825367533038
46.388324478942124,18,1,50,5,58.17172005260547
37.04214305582085,6,2,47,5,58.23645876097217
42.73548690585019,9,4,39,6,56.922234112766546
38.98903673783053,1,4,53,2,47.91353653612575
38.911593983863895,9,2,43,2,45.355921619631104
45.49388425993595,25,2,59,3,63.11451664920256
44.12708174494015,16,2,38,1,82.11476198408562
44.06754818000319,13,4,44,6,66.20873467630315
46.52739403577164,9,3,45,5,51.71610366374348
40.105019208163796,21,3,29,6,63.183678191391934
43.40976485647482,13,3,27,3,68.72992662443019
38.44866621703272,9,4,26,4,52.72384234233314
41.62083176244221,11,2,50,4,73.16104518377345
39.34928472816158,4,4,49,3,38.0211533074619
40.48497982496359,2,2,32,5,29.47175935116148
42.975785127184565,29,4,22,3,69.2809593457221
35.908896583832636,6,4,40,5,52.37385801757147
50.4619363784273,14,2,30,2,32.46693459588488
34.96991309250149,4,3,48,3,42.23415218048134
33.92905693606134,6,2,55,5,39.74243379222679
45.79055436750034,19,1,25,3,48.97109196046877
43.95831346981468,6,1,57,3,49.547895823716566
43.12059908526078,2,2,39,5,59.378477101254376
43.1417275463214,18,4,36,5,53.067677333424314
39.93876613576543,13,1,34,1,45.20754478994701
35.51372814257084,9,1,40,3,33.42567505399404
40.379022790968634,23,4,27,4,74.26811921612689
36.61419144243944,19,4,33,3,60.860515097145786
44.87559866708875,13,3,58,3,40.85203663805973
39.26471309248931,11,4,38,5,45.74231230025745
35.87251401603744,1,2,44,3,51.6576928599867
38.393070791735035,24,2,47,6,76.4069962815634
42.064657271378124,22,3,50,3,75.17304486504469
37.18137723598013,7,1,54,6,49.62454813340128
35.888898022167844,25,1,48,4,41.97512941423746
41.21843605745956,21,4,46,5,73.82092599657267
41.22483285554361,15,2,31,3,54.555864342338566
37.46528412314435,1,1,44,6,48.55390426929505
37.644808471908384,12,3,42,6,53.270604089823415
41.160249686788184,26,3,42,6,53.40495469102551
32.75957829251338,7,2,34,2,48.402080414743274
32.962681128117225,15,3,58,1,57.1272714392517
36.40777889373782,21,3,54,4,57.14989046458984
38.932764241440765,19,2,45,3,65.14382224006563
41.554537827990025,28,4,32,2,52.81454235375697
47.37678108474776,29,4,38,3,71.58675332591666
44.2882981160101,25,3,25,3,66.04957284536799
39.20030735018287,1,4,46,5,33.75103102883225
39.904918960486555,17,4,51,5,61.833952852126025
34.987353176810956,17,3,30,5,60.22380464362392
39.90743432003805,3,4,42,2,48.875125079609376
38.55670680539931,12,3,41,3,55.11555778025586
41.613592801690444,6,1,40,1,59.33703319403212
35.86384528223839,26,2,40,4,56.785844193575656
42.59673257120586,11,2,33,5,54.118758575762975
47.66369456501289,3,4,58,5,51.39665941968822
39.45619925771571,8,4,38,3,53.60683148450806
42.00855861049471,14,4,58,3,60.560073774446906
43.45071995855556,14,2,49,2,67.64161790908878
37.99389764057082,10,1,56,2,61.42849718240322
41.12046240905208,2,1,39,5,58.9325527991809
40.06296200390897,14,2,35,3,51.480358494957656
40.488380492744156,9,1,56,1,35.822569636503
36.134951080722665,3,2,28,4,52.1513485453704
40.12255087129471,21,1,34,3,64.5337605122688
42.48999145622725,26,3,39,3,61.03707540936635
47.25571803897521,8,3,58,6,71.00512003464858
44.79635413042603,16,2,34,2,47.71045610526362
50.76591228755778,2,1,57,4,74.46831441626054
36.16326218555975,6,4,52,5,48.927016667619256
44.36160318360339,28,1,23,3,58.17232705355443
40.91671002869176,21,3,37,5,56.39969446630289
50.94901466608836,29,3,30,3,73.53416480608622
35.95850857322424,26,1,30,5,58.33838784022961
35.80139078909612,25,1,59,4,63.88419359309019
37.003036772779886,12,4,32,2,48.106962333198645
29.380521378450965,5,4,43,4,44.98291711306576
37.37122489159619,2,1,54,6,50.45401763493053
36.20433669223151,16,1,57,1,51.228606736487514
40.75196893238104,5,1,44,2,45.1700626881684
41.7087798788858,15,1,55,4,68.59243530783417
49.38085419607943,12,2,30,6,69.22411455605848
44.75211919093025,4,1,45,1,57.223482742542885
37.115481721687985,15,4,29,6,63.357436381590006
35.50792664325821,11,3,28,3,29.594650081581868
42.45959585753253,16,2,57,3,58.915649442465494
33.39883396489679,23,1,39,5,44.33566284155034
49.157293829271765,6,3,24,2,81.52001648065028
45.897200603606436,14,2,49,3,72.32939880756629
37.65412173947647,18,3,27,6,54.86350190289372
31.434327354545612,12,1,42,2,55.484233143007174
46.76936187082706,27,1,49,3,84.63211850837821
39.42730077373691,11,4,22,5,63.58361768897762
46.18908155986731,13,1,57,4,75.40611641087085
32.02786170602816,21,1,42,5,51.302458473207544
37.00312488523114,23,2,56,1,57.88947069039162
40.026218498590914,11,4,34,3,45.704326698784065
40.23490296882371,23,2,31,1,66.15937563611378
37.749672642603784,16,3,31,1,53.26031528931598
43.114249661737496,15,1,34,6,55.72953935656553
34.66189785308703,21,3,58,2,55.55528423580901
39.288102574893536,28,2,59,6,83.79002888124042
40.601478158559495,15,1,45,3,68.8282822869762
42.57219417029374,25,1,23,1,80.9761327315754
43.558074390444446,4,2,43,4,61.04823738936553
34.376789540810655,11,2,38,1,50.046333943359635
32.329429146321885,19,2,57,4,56.075404638872634
46.38838410949255,15,2,35,6,53.58536863687782
41.66157005989796,4,2,31,6,39.04738014238396
36.25756731721723,21,1,56,2,65.73097753614599
47.75575987761262,13,2,46,1,56.308972772780066
40.57837317146429,22,1,24,5,61.592950710136655
45.89648592031913,19,1,59,6,81.25115275127123
40.33759240705054,2,2,38,6,43.88305307674158
50.303739624409936,14,2,33,2,86.40855597032571
48.77670421221602,29,4,45,4,67.26975300277502
38.75517925760463,4,1,50,2,61.65712682250309
44.85785475477178,16,2,46,1,68.80541656609539
43.226879747925736,21,2,57,3,80.26783224738725
46.843157787661745,20,2,47,3,58.181181674064845
35.17538269709948,14,4,59,4,80.44559186663558
43.4302572999922,27,4,22,6,64.44250646216314
45.292122434247936,29,3,41,4,79.25860182724077
31.20630256788443,15,1,49,6,65.45117745734943
34.083707436671126,28,3,37,6,54.037086761718975
29.803839111199498,3,2,38,3,48.56110274067128
38.65296582777721,8,4,49,4,47.53826937556228
43.58771127897981,16,4,33,2,75.5573270835582
47.51178526048014,10,3,48,6,57.30997794819281
40.37047390209887,4,4,51,5,55.455543727056465
48.14307772785646,18,2,55,5,74.30428473797605
33.099492708925546,2,4,58,2,55.54249040615171
31.483087803224226,17,3,27,5,68.46785088748967
39.722261505516904,13,2,28,1,49.502571609372005
41.92032724469654,4,3,53,6,68.1076749874326
39.836526259529535,26,4,53,2,87.53911074587091
29.662789499800617,25,3,46,4,57.120123108449796
39.55439980243606,11,3,54,6,53.253072301233146
33.47765249747573,7,1,28,2,26.57731510312282
43.348362744150194,12,4,33,3,77.88112041826082
41.83299123048424,10,4,37,4,54.7885479312406
35.30060106836322,7,3,37,3,38.38701607605771
37.43066541331653,13,1,57,6,44.0473645712189
34.703932390555245,7,4,34,4,37.67179048665483
39.686604513634144,24,2,28,5,70.1836574459058
44.77571160250619,17,3,57,2,78.35439687925358
35.071369768322285,10,4,30,6,55.79258848287765
42.52023257758922,29,2,53,1,72.74361085112287
37.348711908137794,10,4,32,4,39.293506013124436
36.03563583868828,24,2,29,4,50.136226379667804
39.46484820022721,4,3,54,6,43.398654093414464
34.82378838790313,20,4,44,6,63.55199844316578
37.23175347326409,4,4,46,3,40.09862868464705
34.010610537055754,22,1,29,5,46.768149426519834
49.82362566458195,7,3,43,3,62.28875323459688
40.17631775985864,22,2,25,3,42.778316228895164
36.501372460037075,1,4,24,5,44.46908676844554
41.06989955367111,12,4,50,1,58.898370743315745
39.43835975154585,24,2,50,3,76.78045121116276
38.89515200233389,13,3,55,3,50.996496551996366
43.07083350021713,10,1,55,4,47.878878317093765
43.787538550236526,15,1,49,5,59.746942054323675
37.34749426194736,27,4,34,2,51.16658132758721
37.1209087967766,13,2,36,1,53.41245471490784
38.62474151424178,23,4,44,1,44.325392895975725
28.490394176322077,22,2,47,5,46.33694014254925
32.42404468900724,22,1,25,6,42.34032799078504
46.83437133722262,21,3,47,6,76.3119421080833
48.22483856750642,22,2,30,4,60.51919147125277
38.75481980221811,28,1,26,4,44.193862216233114
42.88278481527883,9,4,53,5,58.96458384593335
41.55625077271768,26,2,41,4,69.75511217546278
55.39440404227619,9,3,32,1,65.78235210966893
45.59787455717289,15,4,36,1,57.38464676498182
39.36041204259617,10,4,53,2,51.044791036753544
35.22229779699787,24,1,49,6,61.55177812141822
31.96776839871214,26,2,43,5,48.573280906316654
41.017318179336115,25,4,38,3,62.23248846523078
36.21824627357849,29,3,47,6,72.32271198245222
32.888731452011626,10,2,28,3,32.575500662955164
36.76713557878737,8,3,47,2,51.93046538138465
34.592259981928024,24,4,46,2,42.10236585395798
48.43570817536282,16,3,31,4,68.11500487546236
44.408198784747256,17,1,40,2,53.420106676756646
39.960136793416915,26,3,32,2,73.55605492372487
47.39972069445013,27,2,34,3,56.73024759799663
40.386841538238095,5,3,29,4,55.20763190624818
35.693578993358685,4,3,25,2,56.704889778623624
47.61562038634828,18,1,52,6,59.508726372143585
42.694550218423295,24,3,49,2,59.6757009284739
34.81376922836772,19,3,32,4,44.77181278460174
39.04830660958196,4,4,22,5,43.089679725538915
35.62190873307621,28,4,59,4,71.39612672497087
33.08600134517832,7,2,45,3,41.71095200630708
44.630887737658206,10,4,52,5,51.92130548559464
49.54708320235065,25,4,47,6,55.959546136517744
33.00716213090429,18,4,26,1,66.72663719602826
42.81484618345286,19,4,41,4,81.21980248759934
36.746787154390866,4,1,32,3,51.849157549275425
37.56437308117652,10,4,54,6,48.46053613692667
37.03803037880566,1,1,59,5,57.81505153012212
35.68004615160092,23,1,48,6,69.56711532653158
40.24260813972413,18,4,55,4,61.5001268255968
35.845249417944814,5,3,36,2,47.858934857933725
41.35228412889919,15,1,53,4,74.06996642379411
39.748809452754315,17,3,42,1,43.24419588219024
38.80525976566795,3,3,26,4,57.38948799688969
35.46218168979201,12,4,27,5,47.07064357622687
37.116143347158335,2,2,59,5,40.290360327047836
43.77695612912878,1,4,43,4,44.6738913961854
42.504585938121906,23,2,39,5,56.75736459293101
35.11222377600724,21,2,35,2,43.61151657499521
40.49666152714613,17,4,31,6,76.8105512710363
43.75693561685895,22,4,34,4,70.66896500186897
31.652973594393142,16,2,52,2,63.297801130478824
42.71680096189967,5,4,51,6,63.740483878066456
36.686881205270765,15,2,24,6,52.499157289972494
42.852993342965796,3,3,51,2,57.00054657662212
36.18370421728741,28,4,27,3,56.30857782818879
30.975589496677404,7,3,50,4,43.6177657322757
31.862287810584185,11,1,29,6,31.181254072455275
40.24042473330691,10,3,54,6,69.65868624370954
41.29861250860741,9,3,38,5,37.86627964857696
35.47841687447796,14,2,32,6,41.09231096918596
43.19296229388687,13,3,34,2,79.31330360349298
31.6923996886552,29,4,32,6,59.05412851930347
39.669601006763415,25,2,52,3,67.9467054570654
33.94491900118771,25,1,49,4,65.91830447886501
36.7408194609892,2,4,27,4,29.93744452977525
40.23699335658207,3,1,37,6,36.49905969188183
35.69793317358024,7,3,25,1,41.74898970809178
38.077222278850876,21,4,56,1,54.54361270337398
45.0314640460722,18,4,47,2,66.2819043959782
37.115540652384254,3,1,33,1,50.871033605405614
44.17846056032571,10,4,32,2,72.27009103903167
34.35146572671191,22,4,58,5,69.36234912460782
42.64902088957641,29,4,46,2,61.10625377268687
47.207843103289505,7,3,39,1,56.75820232381158
27.641777499363553,9,1,40,6,35.57232578686741
36.015523722647615,17,4,44,5,46.94991493252413
42.8853606359027,11,2,59,1,49.74360950912438
38.984773069785035,7,2,39,2,68.62789694703044
41.85572936685654,24,2,47,3,66.86215179918304
36.9800740664209,28,2,27,4,58.13777200037341
40.4329489373645,14,3,25,1,59.97552460330752
39.221613823039604,19,4,50,2,67.75907486045534
45.838910308299035,4,1,55,5,71.32716684536325
41.272104216506065,26,4,38,1,58.7354880828384
41.68801331037601,6,3,37,1,58.01523547910421
37.94061516938766,10,2,23,4,40.62887540587937
37.56196887963753,7,3,55,2,52.26038944225026
37.8372090609019,13,4,29,3,53.90463473252244
41.97226071189149,14,1,34,5,59.6171006690821
37.895077595898684,4,3,29,2,48.5982886543706
41.448874284482066,8,1,51,5,65.36718410993126
50.37700399322719,5,3,53,1,59.30712008346948
44.35562351715846,1,1,57,4,58.972366246193175
38.369882339160796,4,1,51,4,44.18083394395679
46.00606961081972,3,2,22,6,82.81359526967853
37.95962313489224,9,1,38,3,42.53097995725594
29.80937732411073,8,2,41,4,37.002850780665185
34.95956844541298,1,4,45,1,55.08604921554418
30.646040394870724,27,4,43,3,53.05138895985914
38.24243257979346,6,2,50,2,61.67289385680375
40.09209189594776,9,2,43,4,56.822317833206604
48.382186561376415,7,3,30,3,56.050293895838514
41.63463686882081,4,3,58,1,49.407083377573045
38.90449735595568,13,3,31,6,46.81613173958695
44.14702790591745,17,4,57,5,63.923817880790025
28.944323454960575,28,3,58,5,57.3003602715126
41.17807279054283,2,1,49,1,44.35926035630409
43.85432596943483,28,1,49,1,69.86200166756939
32.60706877110079,5,3,42,5,34.76591584442072
45.71877021603464,12,1,45,6,70.47778238199817
41.69248203747207,27,4,23,3,73.86610603207171
37.923560430495996,21,1,29,5,50.18030852841068
43.163909330531425,8,4,48,1,51.662178779379225
51.35346428902198,6,2,43,4,66.5326323591207
40.90933127529247,8,2,58,2,70.96299220560812
41.24110293150168,18,2,48,6,77.90773957403341
37.70319550229878,3,2,50,6,36.8757682699361
35.75077815267604,22,1,24,4,64.61382644919128
44.15167908272123,12,3,34,4,59.13614570336929
35.719580870455665,29,1,31,1,59.39768386585032
40.35783118609696,26,4,57,5,74.50495484260257
37.61171276617441,3,1,30,3,41.30213806201326
42.39489912873196,22,1,48,6,77.161905449815
41.668310526434745,6,4,55,6,72.70793324413282
45.1876997212895,2,2,22,4,66.60054249664186
37.44991800572627,23,2,53,5,44.71077012307346
38.65062532353314,12,2,46,6,54.15405263624884
35.106181421088465,2,3,50,3,28.45387557301089
37.778533699619445,6,4,28,4,41.325733080186026
41.88650246522426,17,4,24,3,34.811513753927684
43.78494308322676,3,1,41,5,59.187609429621624
35.389173379111874,2,3,41,6,48.782269734913626
44.3480296005283,23,2,51,2,65.02201853496064
46.778189294024756,20,3,56,6,63.86670818852174
42.067174516118506,8,4,56,5,63.30749075965521
49.38397906279033,22,4,48,6,64.26975834907937
36.13105400448214,12,1,47,6,42.93643285680888
33.776726483442914,26,1,35,1,44.85256446409582
31.106398755478608,4,4,38,6,41.26798944809212
47.480221557445915,5,2,39,6,53.85714586211829
43.27182828177029,13,2,50,3,58.32944809713358
39.72207664544772,29,3,41,2,71.94016404563504
41.3998431315991,15,4,48,3,71.53280918019409
34.37255476350812,25,4,39,3,73.57736261246697
52.228759898084135,23,2,25,4,72.83012967776706
40.64610590987614,16,2,22,1,59.021996935503836
40.546973973024464,10,4,22,3,54.7354375443336
43.62883311949346,25,1,47,5,52.18697613135443
42.40504615868357,23,4,41,5,62.80807559897271
41.119420121395656,16,4,44,6,58.06843789398903
36.04762772277344,12,2,31,4,45.53949946507733
42.35734178567998,17,2,32,1,59.447948499491595
49.41012248237517,16,1,26,1,62.515316950231885
46.72710023077489,12,1,22,6,49.46383259152431
47.965933133196984,8,3,38,5,60.55567359472646
37.443921617844076,20,4,43,2,53.45341764699377
35.0519758987071,3,2,55,4,22.859548629538168
39.37106539950176,16,1,50,6,46.00037619639713
40.27862456144347,13,3,25,4,55.56776781957426
45.47095759235474,23,3,26,5,77.08987073389584
31.537676851425903,28,2,32,5,31.76564427464325
47.64775159730307,19,2,42,2,59.74383525976649
39.20996050710505,8,3,56,2,60.924498847052654
37.8655946502629,22,1,33,1,66.94754928779457
34.93947812369916,5,3,47,4,44.73834250793898
31.725716640671152,20,4,40,4,46.89789305646046
44.11585291980957,8,4,28,5,68.8129604187115
40.36658983594202,24,2,28,1,69.2275168959277
33.55019550129473,12,1,47,6,59.73637948205488
33.52460613968192,1,1,26,4,35.44396611477447
38.32107650354936,25,4,42,1,74.55801888038614
48.34510762644696,21,3,35,1,49.794420297809836
38.702043243181976,20,2,25,5,68.3143441597721
32.48428523440947,6,3,44,1,45.518963699990586
38.77128467957028,22,3,41,2,62.86062659204843
38.63638215126165,18,3,36,2,48.58385557048688
26.515566785292144,8,1,50,3,23.87530330421063
39.72852566741094,7,4,29,5,52.90556714532825
38.84532734895661,1,1,40,6,53.95927284487058
43.48103182406709,21,4,49,3,74.80795567225474
49.244780474726724,16,2,48,2,75.39256643297259
45.632825147738785,12,2,25,3,62.61444209827336
38.65555654722585,6,3,36,5,41.917692185296254
34.46737045629165,20,4,56,5,67.44213118149199
52.8667990162493,2,4,58,1,57.01057554149602
40.29609217007244,29,4,22,4,75.16673453072379
40.06964645956473,14,3,24,1,53.729827771503
39.87937456444998,4,3,45,5,52.472282365795145
40.99042380383928,1,2,48,2,60.8496899868903
39.27819794038029,23,1,57,6,75.49288419572167
37.13168996559882,18,4,55,2,68.4380767551002
37.26570529379804,13,4,50,1,48.561126798241354
39.83623364892001,2,1,45,6,58.662929153305534
37.282876144331176,9,4,45,5,45.634980044626694
36.43577108661418,21,3,25,2,63.314785103890785
40.53215113845948,2,3,24,5,33.98051917783684
38.72511391289572,27,4,55,6,67.18831329351208
47.51996494291345,25,3,44,6,64.91105354785672
26.74515095803494,9,3,44,2,51.04450748251521
45.45753425961231,1,4,26,5,64.50920200050246
46.23042596248815,11,2,52,3,66.32039110040748
29.63304883795925,3,1,27,5,39.394140277338096
38.28656202959826,20,3,58,6,70.72833325440962
38.142795670021044,23,2,31,5,70.65394446951223
32.96244152641089,26,3,28,1,55.83555327303252
36.110916562045624,4,3,59,3,46.81416331256582
34.44712077267086,18,1,42,4,60.91979563707573
48.761352217118116,23,3,41,1,53.4740785061814
44.678391965737305,6,1,24,4,62.974907361325556
46.35777547497079,3,1,43,2,50.25590598055367
43.60836032021618,22,1,25,4,60.20608165749169
34.354741143913856,11,2,49,5,61.21525437509697
37.37739866860113,15,4,33,4,50.82230350470422
42.44687280613959,22,2,59,6,75.3209615918876
33.88936095554027,28,4,57,1,75.17844849628442
43.56499215086194,5,4,26,1,54.565323051337
38.79837300920933,20,1,34,4,61.51285456745645
38.12589596225201,10,3,44,1,53.031537222814826
43.554799841017456,12,1,51,6,63.110779811654666
42.2213165574302,15,3,58,1,52.95726875792987
38.1951691709046,17,4,46,4,56.65778830532385
45.79664901682124,10,1,48,3,49.21459294699605
34.59468336200051,6,3,35,3,37.70701111672653
43.07967803472132,18,2,57,2,46.25018782799969
42.96550628984192,13,3,37,1,62.104787824890785
38.45226780343005,3,1,43,4,66.56828945720417
41.63066511121059,24,2,42,1,60.76960775980487
33.74443211807348,10,3,42,5,59.49576802379728
44.6201350960345,14,3,29,6,71.87706325620367
39.075489317785056,6,3,37,1,39.38411697430236
37.3863848974048,3,3,52,1,41.04844572049658
45.245046129184445,16,3,31,3,72.45302701270653
36.4782815472862,7,2,53,6,51.75486791736768
32.957693518182204,20,4,55,4,45.049804856676275
32.21685413238048,14,2,30,1,41.148258263094405
43.0300497567282,9,2,38,3,61.32665220484885
33.597853237518585,15,2,32,2,42.058486496470245
48.77397090992182,21,4,53,6,46.42860225557788
29.59035296058139,3,1,31,3,35.07022118850303
48.48228184145019,2,4,43,3,57.77234990289823
41.055087336013095,27,2,38,3,66.04735167745635
39.51643444064804,2,3,25,1,59.605268173543344
37.27540456595525,3,3,46,1,50.11063254494571
41.99568057176035,18,2,42,2,64.62505411601742
39.811826487875756,14,3,58,5,72.06719622436995
45.516509410082605,20,2,59,5,70.71994956844021
40.5711382433102,18,3,22,5,78.83634569621123
40.751508807309385,10,4,46,6,45.51442586751937
38.18193893893072,25,1,57,6,56.24046180785228
39.71527188139466,2,1,38,2,55.2548559641028
41.5390088444603,25,4,45,6,80.28214417384669
31.449158036716874,29,4,23,5,53.541208068030635
33.25907288947143,22,2,36,5,44.85286118157737
43.71632047011357,1,2,53,3,73.62621632236709
40.85432719063971,4,2,27,6,42.130638242596596
39.0800833182366,14,3,22,1,56.57062782956639
40.09216966532696,1,2,44,1,63.53368777880482
41.737908526808354,14,4,38,3,55.22185629259814
37.30120159845319,16,1,55,3,52.379923225886046
36.108476372988434,22,3,50,3,55.2715989526918
40.97922627548841,14,2,30,1,65.29473884123605
35.10813611192484,29,3,34,5,71.60961316395144
42.04126377857236,20,3,27,3,61.27851769619363
31.4870819788108,3,2,27,2,58.51790450950813
45.14577818662822,3,3,41,3,56.9654437793295
42.362987412065216,9,1,24,4,66.28631955374686
41.28014867156938,6,4,38,3,50.060132629059986
44.91345491972757,25,4,33,1,91.5510202567832
48.32737222231288,13,1,22,6,77.22868637810998
45.07185032509065,21,3,38,3,65.4921039698055
30.795628843341774,2,2,24,6,52.5410309305118
33.60211516632149,8,3,47,4,63.24192007804166
36.875907111521606,21,1,36,2,72.8063178744481
40.130455251054165,2,3,57,6,29.710591893851117
42.58829510234561,4,4,53,5,64.88180959525397
36.37128093423267,25,3,53,3,68.89426862729009
40.93383382238539,15,1,25,4,60.44456663181991
36.22308533823339,4,4,39,4,50.60654967221236
36.94241098504026,13,3,40,6,57.02052378018553
32.96669451575889,28,3,56,2,75.1980975687397
35.38383376944548,12,4,35,1,56.678567506379196
33.241576971918334,28,2,54,3,64.11064140924195
35.12063373511334,13,4,35,4,63.31444388346952
45.2682089830392,14,2,55,2,69.8484707671579
35.25300555584028,20,1,25,5,58.28868982937408
53.161910324186955,18,1,45,4,92.43228141229923
42.466589504404446,29,4,50,2,67.32178237890798
40.92418061847437,28,4,40,1,52.26707723446194
35.70821109909393,6,1,27,1,45.931846209001904
43.501549397044954,29,2,54,4,75.0469828466146
37.12181086881113,11,1,40,4,59.73710116338304
40.610049073226804,2,4,22,6,49.48320821984642
52.800422691343975,28,1,26,3,83.05161513106957
39.519700501376754,23,4,48,2,89.76586730409244
45.74636663142838,19,4,37,4,74.56150982019848
36.48411787437056,19,1,27,3,63.75727088488524
39.82505754751519,5,2,34,6,49.729743470290856
48.85400317817755,19,3,56,3,59.10143228310452
36.86516471106116,2,1,40,4,23.884048839763707
49.062242789984644,10,3,33,1,57.77543696862747
43.538759677277376,25,1,37,2,40.73504311762619
37.18766612052866,2,3,31,2,51.12315637072141
43.1620386952776,11,2,46,1,56.03386885102906
44.86277224813365,18,2,41,4,51.92902358338122
43.10904981108598,29,1,52,2,72.81779101057224
32.14887640054772,24,4,25,4,46.162554464129684
36.364314120875655,15,3,44,6,60.47207665738335
38.762406822242475,9,4,23,4,57.83867012046751
39.62783285449977,23,4,43,3,56.90949122461535
43.10336048775339,19,4,58,1,65.43054867685014
40.88850500466627,9,2,29,4,55.43746254304847
33.323278206449494,3,1,28,6,27.65285607102524
41.90098925502981,21,1,35,5,64.54906448379998
43.05292872641912,9,2,24,1,39.84274224562516
42.7989522396552,28,2,37,2,73.6561220351839
45.40390362777311,14,1,40,3,58.15226700149111
44.16961077274452,19,4,39,2,50.804183432302175
42.29590039614219,7,3,37,6,49.89616440473395
39.649171442706766,16,3,29,6,51.47242563077235
31.69519533242004,16,3,54,2,64.18040416628949
42.14809109566293,28,4,33,1,68.98113808852086
41.03843843581556,1,1,32,2,39.075663860164234
41.35789418597687,4,2,26,4,66.64855705798173
33.61625712089845,4,1,48,2,52.48116113600403
34.59471729795869,7,4,33,3,43.93149361216207
45.26576426666452,8,2,38,3,43.227422409714286
39.802224230716725,17,4,27,5,53.25628843591478
43.40750348686312,5,3,54,3,56.50237264028641
40.14159188065231,7,3,26,2,54.631915195154875
40.14878069747873,28,4,49,3,74.72134579407528
44.69141902987999,20,2,35,1,72.65723998398732
37.41977635891313,29,2,26,3,45.005102050527654
40.48060388470492,20,1,54,4,66.16565209633735
37.68862355647479,4,3,40,1,47.79246530399267
37.827518862838424,28,1,43,5,90.90729162453721
38.454139382656805,6,1,26,4,48.70108377362052
41.110668858168566,7,4,23,2,45.48413687355486
37.60625689168261,18,4,51,2,61.50994545885177
46.278780627867604,5,1,25,2,54.793097747759944
35.52696348890248,20,3,54,4,40.036570417392326
39.06564177919321,29,4,34,4,69.3486864133716
37.801344708629124,3,1,41,4,45.4957638018433
47.23488942176866,7,1,28,1,57.26797727016348
40.98277388255787,27,1,36,6,56.64708854365227
45.159222697343175,28,1,44,1,60.32008039522082
32.57219813481514,22,1,35,2,62.161021475571594
41.33525132934629,14,1,44,6,70.61981789377452
44.44815397811718,7,4,40,3,62.72914003248954
40.41141994637712,5,3,50,2,36.70344394078079
45.32740187532676,29,1,41,5,76.65803546794
37.41355774949814,22,2,50,1,43.55419223613128
47.0467372009279,5,4,45,4,54.434980852645246
51.49449061809625,23,4,39,1,83.45007510566865
38.18580719780171,2,1,31,4,52.96179201484662
37.77248739299614,27,4,29,6,66.54216103833085
47.2669223855885,21,1,47,5,83.29594892478634
47.89786072865356,22,3,50,6,78.49801220273282
37.38569986423366,6,3,31,5,28.69550761382484
37.89906591452071,15,4,38,1,52.50375745195712
38.59107695569747,21,4,23,4,57.374992378386864
33.27774744482861,10,2,27,6,44.49033017713489
35.40674026757901,23,4,26,5,50.33538851655511
34.97929616623966,26,2,49,2,51.07773483160372
36.16101217447936,24,3,26,2,81.16846186907256
39.82657556306609,7,3,39,6,49.73912731100829
41.1710736626826,5,1,47,4,77.88709419642713
47.75250246407038,1,3,41,6,46.93959841650985
35.00822979630605,13,2,48,1,59.878830483896124
44.92161199238292,21,4,33,5,68.5180261562816
38.93005577887246,26,1,28,1,51.41056050822185
39.752681451737836,18,2,24,2,51.677110353531
43.37409746083302,13,4,31,5,59.32279676722332
34.386389892188504,21,1,55,6,50.54522372052725
41.912048730920255,21,3,46,1,62.45064279056599
40.83226104106528,18,2,56,3,40.283236787159126
42.462256320040744,5,4,37,4,61.97741622272814
41.44584321953909,13,1,23,4,66.91735996076702
52.276500699554475,4,1,45,3,68.92013777454106
36.81130007874342,17,3,31,2,77.25388135812122
37.34501522499091,3,4,59,5,59.865977500989835
36.88429736787618,17,3,43,4,68.71239375565177
37.22261440419873,28,3,47,3,77.30624272929985
36.81306436346741,11,4,48,6,27.70293079761107
45.94508265553776,21,4,50,3,74.68181464303339
47.102521239949276,20,4,59,2,58.873171736781465
37.146268531252616,23,2,41,2,48.33723401554456
35.838222134478855,21,4,48,1,49.668489416459714
42.35707778193202,26,1,41,4,63.829919781758264
37.23888477859514,4,3,40,1,55.44348438597211
43.164659088777555,2,2,41,3,58.0045573388446
41.0146151042565,20,4,56,5,66.18880127608053
32.42127942501384,16,2,23,5,55.14811383707345
47.737526006650306,28,4,51,2,84.37238922257134
48.97938836547761,18,2,55,5,76.50563025781105
36.93605654757807,8,3,43,5,34.79100868683021
38.06149220032008,3,3,24,5,38.96816430675285
41.429326953624525,9,1,27,3,53.192605293051
41.67228394993513,29,1,36,5,74.50681278134597
43.29272136336415,20,4,48,6,53.806924786124284
50.05102269383175,29,3,31,5,75.23757079607894
39.11526386252975,6,2,30,5,34.35901929863523
36.00851377730773,10,2,54,1,63.96769363450052
33.10340385992736,21,2,53,3,59.8268766435746
36.34534980029041,10,1,27,2,34.88398944073098
39.83436513563102,13,2,57,1,46.40707975758808
48.97278931758894,17,1,23,4,68.44710803343155
37.41194350481914,9,1,50,3,67.25993265045079
41.11893975819449,17,4,25,6,47.55108138370102
39.917885519636236,24,2,22,3,67.683926605797
45.94196636724042,9,2,40,4,55.119589186962116
52.63466212936811,9,3,47,4,77.26660315629698
37.3456561353984,1,4,46,4,55.97756523905153
37.552802787408886,2,3,31,2,47.90580120223329
45.22080438534536,28,4,36,5,52.97689132253953
43.409457448131555,16,2,43,3,69.52131394937268
49.23353662868017,29,1,42,5,80.95372933864883
42.91964092662982,1,1,43,5,57.12393845857484
38.203539546064704,10,1,57,6,58.560280178374484
42.95327415346155,18,1,55,4,56.76540527014048
45.54351790291454,26,1,51,2,82.77314561310565
44.10241090598682,28,3,46,6,80.88380811415318
42.53637015553649,8,4,49,1,48.082142387089846
45.33337344794577,21,2,22,2,76.47632355312328
45.84647795222836,28,3,25,5,70.66317229858224
46.91079495518763,11,4,28,2,62.20216448663936
43.24354943794821,23,1,30,4,62.07999607376138
39.16440959841573,2,4,57,1,52.684475632565174
40.733568432166614,8,4,40,4,69.24256031526431
46.03254483254179,27,1,22,1,77.46329467852694
35.91532164506382,22,1,31,6,66.43379248145797
41.84336654436451,8,1,57,5,60.78901006981828
38.0333059383632,17,2,30,1,64.02502317370717
40.143724114674086,15,1,53,1,51.90059337426837
46.39225931303649,17,2,53,1,73.92668909801716
40.95549534009952,28,1,27,2,62.22061502040984
40.23218274078074,23,2,59,6,46.634132866697506
33.200719295100406,24,4,38,2,41.139702706880776
43.731267830136105,13,3,31,5,52.801480029243905
43.22742090570538,19,4,48,1,70.07896074919248
50.8162736165273,5,4,56,6,60.5954757331876
38.461108825234994,12,1,42,6,49.1499414513879
41.0957516383197,1,2,46,3,59.62836085706812
41.246918418553776,23,3,49,5,60.996797224056905
47.887266398817374,5,1,36,6,72.39533881916148
39.52352233806524,8,1,25,1,61.474759736266584
41.3951076288517,13,1,50,1,59.91392083456488
43.0394825485827,8,4,30,6,63.57409706516599
40.93304561578179,25,2,48,2,72.70545015934562
37.76783192724736,23,2,47,5,59.811179167653314
40.970449964491536,11,3,40,1,65.486796594213
45.36815874929886,1,2,49,6,67.25717930320413
34.867423502944696,13,2,38,1,41.64307119504069
40.66484837073438,19,1,41,6,62.8003347539418
36.499395925304135,24,1,44,5,62.02443415106579
45.97523314462421,3,4,53,6,69.07142781913126
32.384065476081126,24,1,54,3,53.84548197158776
37.20539076364206,17,1,26,6,47.62778743587778
41.8860593753226,5,1,55,6,58.57605597843414
47.827620146171704,20,1,32,5,78.94121237870743
39.67124869463506,21,4,24,6,47.27747754053573
37.22400236653401,8,1,54,5,43.47594083316273
49.40578534720295,26,3,32,3,67.70073626749706
32.75993049791878,14,3,37,5,46.83415977710326
29.00597021689959,4,3,39,1,22.850142192524444
42.200072250266665,11,3,51,5,75.68202511941814
37.489728878236946,20,1,31,3,55.08666296474583
34.89383591434643,15,3,39,4,50.492790672546725
43.541782236496765,19,1,59,6,83.96815761685093
41.219003568855996,7,4,40,5,62.69693852009412
37.17960684631636,19,3,57,6,56.42538807298288
33.59847800664553,28,2,34,2,59.84455645972709
44.36228664140072,19,3,24,1,61.44491531763593
43.251005889793305,11,3,31,1,71.83451445908608
39.50412068110309,26,1,59,2,65.82987866426716
49.23318498023833,5,3,22,2,43.612589561656236
34.64957616836924,5,2,48,5,29.77733510031628
32.372374145376305,22,1,29,2,66.7239876194432
36.540459650593775,8,1,38,4,41.85431267296747
39.77206991822251,10,4,30,6,60.67418647455562
41.21669724661346,6,4,27,6,53.13433155376398
38.79381971071835,15,3,46,3,54.32727183193578
41.76027698257148,16,4,49,2,60.36180281254023
33.74230287904778,28,4,54,2,78.97608169434312
47.2188230203663,17,4,58,4,56.538188733935065
39.58924410803716,8,1,30,1,47.024691800477896
45.58647915794064,8,1,39,1,67.75213676477765
41.71362673188852,25,1,42,6,53.282176647425956
42.28376609576892,9,4,23,6,67.65659417354476
42.84883640116102,2,1,59,5,65.67133355869728
42.23854280008658,15,4,57,4,67.35649965140995
43.21361379933772,18,1,58,3,61.28204475659504
46.64576265066216,3,1,36,3,42.23010109882258
40.98260584850735,17,2,49,4,69.25306478984805
43.54501878794256,4,3,39,3,82.73146813278143
39.55132152856387,4,4,55,1,56.11024688773245
47.200586077247365,14,2,43,3,47.04013196992835
36.61803848970365,9,1,32,3,53.69320339097112
49.004702164554075,9,4,34,4,71.80733187856603
39.79921024677828,25,1,25,4,51.42068592781891
32.84612448940976,26,3,43,3,52.091005228515805
40.64052207455395,23,2,28,2,53.56673978709103
36.5947417126256,18,3,45,4,52.681103043988706
44.20321774494362,10,2,25,5,54.78158660216316
36.73688010348805,21,1,49,5,51.42786901855302
37.7690828339261,4,3,36,1,36.310705420403856
30.552296345272346,12,3,22,3,45.396050202022515
37.73846840375462,27,1,24,2,57.51184800511761
27.88060336685522,8,3,35,1,36.61818566568705
32.08048588257138,2,4,59,3,47.81238304978653
43.80207328072149,22,2,22,4,47.40031622513705
43.92900079325416,13,2,59,5,67.46103002322175
42.12728780892483,21,2,59,6,63.77040580602919
35.165119284353935,16,4,42,2,57.360013965481734
39.7614432192901,28,2,50,6,71.95793427347976
39.98198730454716,2,1,26,5,58.59350008740894
34.20817655403729,11,3,31,6,49.83772072392641
47.51699150883575,10,4,49,4,75.98417980937901
44.386811452878355,15,2,42,3,59.66768004157744
38.89517913085168,17,1,28,4,52.75340399720744
40.134429194972654,8,3,24,6,50.6251474667359
41.04191403973776,18,3,41,4,69.38316304651988
29.791325657878545,23,4,40,5,60.00091642810767
38.764113087397014,9,4,56,2,58.51483188601496
36.59007876001101,25,4,25,4,46.312725343965795
34.99189995052542,8,1,26,5,52.02249170818868
38.594498535570224,27,1,22,2,51.180452187740514
48.988432634247616,14,4,25,3,55.12945869625041
43.20421430633505,28,2,33,6,56.6193634069582
37.144105051086015,26,3,48,3,63.012417943065664
42.86291390678079,25,3,44,1,80.08015689148766
